FileName,FO2_Status,FO2_Time,Classic_Status,Classic_Time
KRS026+1.p,Satisfiable,0.013,Satisfiable,0.015
KRS040+1.p,Unsatisfiable,1.000,Timeout,30.016
KRS057+1.p,Satisfiable,0.013,Satisfiable,0.009
KRS102+1.p,Unsatisfiable,0.794,Timeout,30.016
KRS163+1.p,Unknown,1.233,Unsatisfiable,0.014
KRS174+1.p,Unknown,1.294,Unsatisfiable,0.011
KRS175+1.p,Unknown,1.241,Unsatisfiable,0.013
NUM395+1.p,Unsatisfiable,0.060,Unsatisfiable,0.010
NUM531+1.p,Unsatisfiable,0.012,Unsatisfiable,0.009
NUM531+2.p,Unsatisfiable,0.012,Unsatisfiable,0.009
PHI012+1.p,Unsatisfiable,0.014,Unsatisfiable,0.011
PUZ001+1.p,Unsatisfiable,0.021,Unsatisfiable,0.010
PUZ073+1.p,Unsatisfiable,3.050,Timeout,30.019
PUZ074+1.p,Unsatisfiable,3.742,Timeout,30.026
PUZ075+1.p,Unsatisfiable,2.570,Unsatisfiable,0.742
SEU123+1.p,Unsatisfiable,0.082,Unsatisfiable,0.014
SEU139+1.p,Unsatisfiable,0.041,Unsatisfiable,0.012
SWB007+2.p,Satisfiable,0.011,Unsatisfiable,0.011
SWB015+2.p,Unsatisfiable,0.010,Unsatisfiable,0.011
SYN071+1.p,Unsatisfiable,0.022,Unsatisfiable,0.011
SYO561+1.p,Unsatisfiable,0.013,Unsatisfiable,0.009
